month,platform,unit_id,active_day_engagement_pct,availability_pct,energy_kwh_per_hour,false_alert_pct,goal_success_pct,incident_detection_pct,interactions_per_active_user_day,monitoring_coverage_pct,operator_response_min,patrol_coverage_pct,response_latency_sec,session_duration_min,uptime_pct,data_origin
2025-01-01,Aido Rover,AR-01,,,0.2230184192129063,2.5974025974025974,,82.41758241758241,,,,93.17943828579902,,,96.18770834297223,SYNTHETIC
2025-01-01,Aido Rover,AR-02,,,0.19716854991086405,1.7241379310344827,,85.07462686567165,,,,94.7955281520363,,,94.1345428390752,SYNTHETIC
2025-01-01,Aido Rover,AR-03,,,0.12854110922034806,0.0,,93.6842105263158,,,,88.24320218786906,,,94.32683291406913,SYNTHETIC
2025-01-01,Aido Rover,AR-04,,,0.22402000248940754,3.896103896103896,,98.66666666666667,,,,89.2238246165209,,,99.894717909798,SYNTHETIC
2025-01-01,Aido Rover,AR-05,,,0.24085282764715915,5.405405405405405,,86.41975308641975,,,,93.15482455242504,,,96.31617902346731,SYNTHETIC
2025-01-01,Fari,FA-01,90.86021505376344,,,,61.53846153846154,,23.869822485207102,,,,4.256612887612087,8.286528057099732,,SYNTHETIC
2025-01-01,Fari,FA-02,70.16129032258065,,,,74.12935323383084,,21.135057471264368,,,,9.868399408379105,8.719945252411053,,SYNTHETIC
2025-01-01,Fari,FA-03,90.32258064516128,,,,87.25490196078431,,39.5187969924812,,,,10.013429492173206,14.6258550963721,,SYNTHETIC
2025-01-01,Fari,FA-04,57.685009487666036,,,,83.9572192513369,,8.598684210526315,,,,8.430653617388478,13.500448880087214,,SYNTHETIC
2025-01-01,Fari,FA-05,91.08159392789373,,,,69.37269372693727,,11.55625,,,,4.819028701408199,4.504098942523243,,SYNTHETIC
2025-01-01,Sentinel Prime AI,SP-01,,99.80171976066623,,4.411764705882353,,91.54929577464789,,91.12994962623007,11.571992917229316,,,,,SYNTHETIC
2025-01-01,Sentinel Prime AI,SP-02,,99.11045042253491,,2.4691358024691357,,96.34146341463415,,94.54024369779951,4.707275749208073,,,,,SYNTHETIC
2025-01-01,Sentinel Prime AI,SP-03,,99.54408066338362,,1.1235955056179776,,95.65217391304348,,97.76787711466137,17.16026615130521,,,,,SYNTHETIC
2025-01-01,Sentinel Prime AI,SP-04,,99.72525627673386,,2.380952380952381,,94.25287356321839,,94.44557511505658,7.609317735832962,,,,,SYNTHETIC
2025-01-01,Sentinel Prime AI,SP-05,,98.9663319292711,,1.8181818181818181,,85.71428571428571,,93.16951534316074,16.463695465530662,,,,,SYNTHETIC
2025-02-01,Aido Rover,AR-01,,,0.17672415490077895,0.0,,89.8876404494382,,,,97.5177584779147,,,97.72681995482017,SYNTHETIC
2025-02-01,Aido Rover,AR-02,,,0.12345793278085285,3.5294117647058822,,93.18181818181817,,,,91.81304346943935,,,97.07196717458207,SYNTHETIC
2025-02-01,Aido Rover,AR-03,,,0.21139722427884367,3.75,,93.90243902439023,,,,90.08723171036003,,,95.39679473951593,SYNTHETIC
2025-02-01,Aido Rover,AR-04,,,0.22500304629239842,0.0,,90.9090909090909,,,,96.9328313179605,,,95.16940494055609,SYNTHETIC
2025-02-01,Aido Rover,AR-05,,,0.21383122768236734,1.36986301369863,,92.3076923076923,,,,90.67780127685262,,,95.72315004885571,SYNTHETIC
2025-02-01,Fari,FA-01,60.863095238095234,,,,85.66666666666667,,40.12469437652812,,,,6.879687218741445,12.580522427148253,,SYNTHETIC
2025-02-01,Fari,FA-02,90.17857142857143,,,,78.42323651452283,,23.257425742574256,,,,10.630531805012891,19.860099579192607,,SYNTHETIC
2025-02-01,Fari,FA-03,63.53383458646616,,,,74.17840375586854,,40.80473372781065,,,,11.751116231402381,6.820545999000292,,SYNTHETIC
2025-02-01,Fari,FA-04,65.54621848739495,,,,86.3013698630137,,23.400641025641026,,,,7.952911551278754,23.414203223924257,,SYNTHETIC
2025-02-01,Fari,FA-05,88.02521008403362,,,,71.7741935483871,,18.873508353221958,,,,9.931682544997646,4.683588218565204,,SYNTHETIC
2025-02-01,Sentinel Prime AI,SP-01,,98.6269608767318,,2.8169014084507045,,92.0,,91.54741581885531,7.37920886277328,,,,,SYNTHETIC
2025-02-01,Sentinel Prime AI,SP-02,,99.4829987719182,,3.3333333333333335,,96.66666666666667,,95.45382839959773,9.546331000829484,,,,,SYNTHETIC
2025-02-01,Sentinel Prime AI,SP-03,,98.95308190272587,,0.0,,95.0,,98.47474687430253,5.759293940159504,,,,,SYNTHETIC
2025-02-01,Sentinel Prime AI,SP-04,,98.80408782676702,,1.5873015873015872,,88.57142857142857,,89.27274584040372,14.840702616562716,,,,,SYNTHETIC
2025-02-01,Sentinel Prime AI,SP-05,,99.7699829978484,,3.225806451612903,,96.7741935483871,,92.65007437699269,6.897792234971757,,,,,SYNTHETIC
2025-03-01,Aido Rover,AR-01,,,0.17213205730210432,0.0,,97.72727272727273,,,,95.85506296228823,,,98.39409671985612,SYNTHETIC
2025-03-01,Aido Rover,AR-02,,,0.2665618952220173,1.6129032258064515,,88.40579710144928,,,,96.36043806429915,,,98.53502020231417,SYNTHETIC
2025-03-01,Aido Rover,AR-03,,,0.1358581026527801,0.0,,92.3076923076923,,,,97.58477336856843,,,94.30657501214411,SYNTHETIC
2025-03-01,Aido Rover,AR-04,,,0.26844726882756487,2.0,,87.5,,,,97.76820169361535,,,94.33766844690423,SYNTHETIC
2025-03-01,Aido Rover,AR-05,,,0.17415303732757217,4.10958904109589,,87.5,,,,88.66824753979664,,,96.1629894711024,SYNTHETIC
2025-03-01,Fari,FA-01,57.25806451612904,,,,89.05109489051095,,40.41549295774648,,,,11.241703720908387,14.69796305951741,,SYNTHETIC
2025-03-01,Fari,FA-02,93.54838709677419,,,,72.65917602996255,,38.099137931034484,,,,4.756669768367901,7.3959994754541505,,SYNTHETIC
2025-03-01,Fari,FA-03,88.45500848896435,,,,64.58333333333334,,13.604606525911707,,,,9.969754841123992,15.604804334858862,,SYNTHETIC
2025-03-01,Fari,FA-04,55.787476280834916,,,,73.8562091503268,,27.08843537414966,,,,11.725127253530289,10.244285458441565,,SYNTHETIC
2025-03-01,Fari,FA-05,87.28652751423151,,,,88.25757575757575,,21.532608695652176,,,,6.8337386833156435,21.87486257432544,,SYNTHETIC
2025-03-01,Sentinel Prime AI,SP-01,,99.13718398478557,,5.405405405405405,,94.5945945945946,,96.66348819852273,16.635755569069246,,,,,SYNTHETIC
2025-03-01,Sentinel Prime AI,SP-02,,99.84721311848254,,2.941176470588235,,84.61538461538461,,92.34507964044612,16.45518990345556,,,,,SYNTHETIC
2025-03-01,Sentinel Prime AI,SP-03,,99.20595824067429,,0.0,,92.85714285714286,,98.08533248392116,5.665346350362959,,,,,SYNTHETIC
2025-03-01,Sentinel Prime AI,SP-04,,98.79251782134176,,2.9850746268656714,,91.54929577464789,,96.69811771285595,5.931965242870675,,,,,SYNTHETIC
2025-03-01,Sentinel Prime AI,SP-05,,99.25509826316839,,1.1235955056179776,,96.7032967032967,,90.25929327439647,12.546790942785039,,,,,SYNTHETIC
2025-04-01,Aido Rover,AR-01,,,0.2320424163203599,1.36986301369863,,93.5064935064935,,,,95.70286093884887,,,96.57919632134676,SYNTHETIC
2025-04-01,Aido Rover,AR-02,,,0.16095441449081643,2.8169014084507045,,95.83333333333334,,,,98.95834304330207,,,95.7164152450267,SYNTHETIC
2025-04-01,Aido Rover,AR-03,,,0.14236294575263309,3.3333333333333335,,98.86363636363636,,,,92.42852920515406,,,97.77342330029894,SYNTHETIC
2025-04-01,Aido Rover,AR-04,,,0.2208018951322238,0.0,,100.0,,,,89.43662231201488,,,96.97673284213862,SYNTHETIC
2025-04-01,Aido Rover,AR-05,,,0.1837684010722465,4.49438202247191,,94.44444444444444,,,,93.73639502311208,,,97.13532514192701,SYNTHETIC
2025-04-01,Fari,FA-01,77.22222222222223,,,,82.29166666666666,,10.010791366906474,,,,7.891460355718746,14.913513881620958,,SYNTHETIC
2025-04-01,Fari,FA-02,56.666666666666664,,,,68.70748299319727,,35.349264705882355,,,,6.86961344910043,9.291952106923166,,SYNTHETIC
2025-04-01,Fari,FA-03,79.64912280701755,,,,68.50393700787401,,23.110132158590307,,,,9.174448825553101,10.604025911954627,,SYNTHETIC
2025-04-01,Fari,FA-04,82.74509803921568,,,,67.42424242424242,,15.445497630331754,,,,11.340034392731539,16.373212238726353,,SYNTHETIC
2025-04-01,Fari,FA-05,66.66666666666666,,,,86.86868686868688,,16.75294117647059,,,,10.062498187662161,23.395431576620204,,SYNTHETIC
2025-04-01,Sentinel Prime AI,SP-01,,99.51821337092895,,1.5151515151515151,,98.48484848484848,,89.13302952543175,17.436843312609085,,,,,SYNTHETIC
2025-04-01,Sentinel Prime AI,SP-02,,99.36055133664463,,2.1739130434782608,,87.37864077669903,,97.66202307191881,14.268928663879617,,,,,SYNTHETIC
2025-04-01,Sentinel Prime AI,SP-03,,99.3519702784043,,5.0,,96.20253164556962,,91.755257741199,16.88932201582995,,,,,SYNTHETIC
2025-04-01,Sentinel Prime AI,SP-04,,99.25231200362373,,2.3529411764705883,,98.80952380952381,,95.1795540835618,13.606280818612106,,,,,SYNTHETIC
2025-04-01,Sentinel Prime AI,SP-05,,99.55073337110663,,0.0,,87.87878787878788,,96.29698666431682,15.933352451023728,,,,,SYNTHETIC
2025-05-01,Aido Rover,AR-01,,,0.24590790040034216,1.3513513513513513,,97.33333333333334,,,,89.60715356150706,,,95.17945839460313,SYNTHETIC
2025-05-01,Aido Rover,AR-02,,,0.13511466688984244,6.521739130434782,,88.65979381443299,,,,96.87814296927635,,,97.90380145268979,SYNTHETIC
2025-05-01,Aido Rover,AR-03,,,0.2718172682744545,1.3513513513513513,,92.40506329113924,,,,92.36383691685968,,,98.04588573819008,SYNTHETIC
2025-05-01,Aido Rover,AR-04,,,0.21860943518840525,1.1111111111111112,,97.8021978021978,,,,99.27235502633485,,,97.60810727526471,SYNTHETIC
2025-05-01,Aido Rover,AR-05,,,0.16920561158732578,0.0,,91.57894736842105,,,,88.2854660156836,,,99.47201670517376,SYNTHETIC
2025-05-01,Fari,FA-01,89.11290322580645,,,,63.84615384615384,,24.396681749622925,,,,8.50998907734557,22.61368977089241,,SYNTHETIC
2025-05-01,Fari,FA-02,73.58870967741935,,,,92.23300970873787,,34.136986301369866,,,,7.670231782383758,8.159961474169211,,SYNTHETIC
2025-05-01,Fari,FA-03,90.66213921901529,,,,71.63323782234957,,18.295880149812735,,,,9.143293099951947,17.495007127604467,,SYNTHETIC
2025-05-01,Fari,FA-04,64.70588235294117,,,,77.94117647058823,,30.78299120234604,,,,7.017505429293386,20.85463937612944,,SYNTHETIC
2025-05-01,Fari,FA-05,94.11764705882352,,,,83.58662613981764,,35.88306451612903,,,,3.6077458297624805,20.318024309261883,,SYNTHETIC
2025-05-01,Sentinel Prime AI,SP-01,,98.73855696438147,,0.0,,95.23809523809523,,92.22954815788921,5.562405155489174,,,,,SYNTHETIC
2025-05-01,Sentinel Prime AI,SP-02,,99.90150760608762,,0.0,,96.55172413793103,,97.5212979325313,16.65562607229256,,,,,SYNTHETIC
2025-05-01,Sentinel Prime AI,SP-03,,99.77991016326025,,2.3529411764705883,,94.31818181818183,,88.02539649845417,12.946191089698305,,,,,SYNTHETIC
2025-05-01,Sentinel Prime AI,SP-04,,99.01414829200917,,2.666666666666667,,91.25,,95.39490874345789,4.7198681637970115,,,,,SYNTHETIC
2025-05-01,Sentinel Prime AI,SP-05,,99.70216366707864,,2.564102564102564,,98.7012987012987,,93.4303928389771,10.980953656268412,,,,,SYNTHETIC
2025-06-01,Aido Rover,AR-01,,,0.21043777703699024,1.2195121951219512,,96.42857142857143,,,,89.3170958456637,,,97.94357747456378,SYNTHETIC
2025-06-01,Aido Rover,AR-02,,,0.21590124664333502,0.0,,98.85057471264368,,,,97.55779572943642,,,94.90437746808452,SYNTHETIC
2025-06-01,Aido Rover,AR-03,,,0.23116770061095973,4.395604395604396,,91.57894736842105,,,,91.31378956309831,,,98.33586965763072,SYNTHETIC
2025-06-01,Aido Rover,AR-04,,,0.21248275452920676,4.819277108433735,,91.86046511627907,,,,89.66899792864808,,,99.58154427599275,SYNTHETIC
2025-06-01,Aido Rover,AR-05,,,0.27411379576790074,3.896103896103896,,89.1566265060241,,,,96.75647447661608,,,99.32963444458791,SYNTHETIC
2025-06-01,Fari,FA-01,56.25,,,,65.65217391304347,,40.8962962962963,,,,7.83496995324906,22.248975925912838,,SYNTHETIC
2025-06-01,Fari,FA-02,87.91666666666667,,,,85.71428571428571,,33.296208530805686,,,,11.846884543823164,17.80803909031003,,SYNTHETIC
2025-06-01,Fari,FA-03,56.666666666666664,,,,73.52941176470588,,10.789473684210526,,,,8.577474504416763,13.983884508444469,,SYNTHETIC
2025-06-01,Fari,FA-04,92.74509803921569,,,,72.34848484848484,,38.084566596194506,,,,7.696887912199703,12.287075439887225,,SYNTHETIC
2025-06-01,Fari,FA-05,76.27450980392156,,,,82.56880733944955,,12.383033419023135,,,,3.937363444225844,7.1258264392195025,,SYNTHETIC
2025-06-01,Sentinel Prime AI,SP-01,,98.97990212228972,,0.0,,93.05555555555556,,97.49041020114964,5.568985193981765,,,,,SYNTHETIC
2025-06-01,Sentinel Prime AI,SP-02,,99.57607262121165,,5.0,,80.28169014084507,,94.69615241788073,8.467854840395324,,,,,SYNTHETIC
2025-06-01,Sentinel Prime AI,SP-03,,99.42580128473732,,4.918032786885246,,93.54838709677419,,93.072093731704,14.166521797374616,,,,,SYNTHETIC
2025-06-01,Sentinel Prime AI,SP-04,,99.14485529102774,,4.49438202247191,,94.44444444444444,,89.0570475626907,16.30696291522544,,,,,SYNTHETIC
2025-06-01,Sentinel Prime AI,SP-05,,99.47884982458666,,1.4084507042253522,,90.9090909090909,,94.48264282740224,16.12602448863428,,,,,SYNTHETIC
2025-07-01,Aido Rover,AR-01,,,0.2565444917229066,1.2048192771084338,,94.25287356321839,,,,93.02224997617216,,,95.26604956963521,SYNTHETIC
2025-07-01,Aido Rover,AR-02,,,0.22842538777805724,2.380952380952381,,89.13043478260869,,,,88.16026730864431,,,95.35497057699324,SYNTHETIC
2025-07-01,Aido Rover,AR-03,,,0.24814146817361551,1.1111111111111112,,97.8021978021978,,,,98.7633079610572,,,94.81070678722303,SYNTHETIC
2025-07-01,Aido Rover,AR-04,,,0.16449208732500117,1.1627906976744187,,100.0,,,,93.45294038905013,,,94.7033834045667,SYNTHETIC
2025-07-01,Aido Rover,AR-05,,,0.13981916397827537,4.615384615384616,,92.53731343283582,,,,96.43816522053605,,,98.42490287381808,SYNTHETIC
2025-07-01,Fari,FA-01,81.45161290322581,,,,69.7406340057637,,28.90759075907591,,,,5.886607070581064,7.65617540861953,,SYNTHETIC
2025-07-01,Fari,FA-02,72.37903225806451,,,,73.05699481865285,,16.506963788300837,,,,11.168444022514342,19.921208952517418,,SYNTHETIC
2025-07-01,Fari,FA-03,92.86926994906621,,,,65.95092024539878,,24.742230347349178,,,,6.887510949004337,4.0113625851788886,,SYNTHETIC
2025-07-01,Fari,FA-04,68.50094876660341,,,,73.48837209302326,,20.81163434903047,,,,6.7915211491492915,10.896625187976756,,SYNTHETIC
2025-07-01,Fari,FA-05,95.06641366223909,,,,87.5,,37.65269461077844,,,,7.072052113512822,11.103297739877437,,SYNTHETIC
2025-07-01,Sentinel Prime AI,SP-01,,99.77503557030579,,2.7027027027027026,,90.0,,93.27849740606172,7.394759942396658,,,,,SYNTHETIC
2025-07-01,Sentinel Prime AI,SP-02,,98.79406334455277,,2.4691358024691357,,95.18072289156626,,95.53018280733045,6.280201007763768,,,,,SYNTHETIC
2025-07-01,Sentinel Prime AI,SP-03,,99.12573344448333,,2.5974025974025974,,94.9367088607595,,97.81736458656059,10.294857637917527,,,,,SYNTHETIC
2025-07-01,Sentinel Prime AI,SP-04,,99.74894049737263,,1.7543859649122806,,88.88888888888889,,97.05440049157805,13.131606490521975,,,,,SYNTHETIC
2025-07-01,Sentinel Prime AI,SP-05,,99.25468724894408,,1.3157894736842104,,96.15384615384616,,94.24727653471342,10.314651002593571,,,,,SYNTHETIC
2025-08-01,Aido Rover,AR-01,,,0.12363393170141768,4.285714285714286,,93.05555555555556,,,,92.67344890656081,,,98.80272026952962,SYNTHETIC
2025-08-01,Aido Rover,AR-02,,,0.14096924024917012,0.0,,95.58823529411765,,,,97.24743205109601,,,98.22090206473322,SYNTHETIC
2025-08-01,Aido Rover,AR-03,,,0.2103920978355907,1.282051282051282,,93.90243902439023,,,,89.09306577199061,,,97.63537763014232,SYNTHETIC
2025-08-01,Aido Rover,AR-04,,,0.1257695734843782,1.3888888888888888,,94.66666666666667,,,,90.50272805701505,,,97.47100686561313,SYNTHETIC
2025-08-01,Aido Rover,AR-05,,,0.2516132944987891,0.0,,89.87341772151899,,,,94.38780966658429,,,98.73215274321578,SYNTHETIC
2025-08-01,Fari,FA-01,82.39247311827957,,,,80.24691358024691,,15.880913539967374,,,,11.953334035466476,12.73334978677679,,SYNTHETIC
2025-08-01,Fari,FA-02,86.49193548387096,,,,70.28985507246377,,16.606060606060606,,,,10.63542678654973,21.019942401043288,,SYNTHETIC
2025-08-01,Fari,FA-03,85.39898132427844,,,,84.30034129692832,,27.12524850894632,,,,9.804838329415675,14.004192986267043,,SYNTHETIC
2025-08-01,Fari,FA-04,61.48007590132827,,,,58.5,,33.76234567901235,,,,6.026572473846255,6.934864664153049,,SYNTHETIC
2025-08-01,Fari,FA-05,73.81404174573055,,,,89.38053097345133,,16.737789203084834,,,,4.228234986400598,21.525344660515984,,SYNTHETIC
2025-08-01,Sentinel Prime AI,SP-01,,99.97964197106934,,1.4705882352941175,,89.33333333333333,,89.52025908802383,4.663236280076746,,,,,SYNTHETIC
2025-08-01,Sentinel Prime AI,SP-02,,99.6956744456025,,1.4492753623188406,,93.15068493150685,,93.74213531503165,6.60072588819522,,,,,SYNTHETIC
2025-08-01,Sentinel Prime AI,SP-03,,99.02632158463891,,2.7777777777777777,,86.41975308641975,,95.917607885237,11.865465020881992,,,,,SYNTHETIC
2025-08-01,Sentinel Prime AI,SP-04,,98.95243245458245,,0.0,,91.20879120879121,,96.11577311717011,9.522741251142563,,,,,SYNTHETIC
2025-08-01,Sentinel Prime AI,SP-05,,99.72459346491922,,0.0,,92.5925925925926,,95.95425182359924,6.324876853795624,,,,,SYNTHETIC
2025-09-01,Aido Rover,AR-01,,,0.16824193426366024,1.5625,,96.92307692307692,,,,96.00768431339397,,,96.63232202588677,SYNTHETIC
2025-09-01,Aido Rover,AR-02,,,0.14245433553022602,4.054054054054054,,92.20779220779221,,,,94.38477748675848,,,97.7404531589184,SYNTHETIC
2025-09-01,Aido Rover,AR-03,,,0.22525812560648445,3.8461538461538463,,91.46341463414635,,,,89.37693626776291,,,94.69091103881065,SYNTHETIC
2025-09-01,Aido Rover,AR-04,,,0.18902691122878243,4.10958904109589,,89.74358974358975,,,,91.6364627459765,,,98.64585010971712,SYNTHETIC
2025-09-01,Aido Rover,AR-05,,,0.12072001999034546,6.666666666666667,,93.33333333333333,,,,90.69715423007494,,,97.66919686291395,SYNTHETIC
2025-09-01,Fari,FA-01,73.33333333333333,,,,75.61728395061729,,10.308712121212121,,,,10.035813428165508,16.963674593342688,,SYNTHETIC
2025-09-01,Fari,FA-02,67.5,,,,80.68181818181817,,18.478395061728396,,,,7.74711867065303,21.533562775034056,,SYNTHETIC
2025-09-01,Fari,FA-03,88.42105263157895,,,,65.69579288025889,,16.98015873015873,,,,11.865420270487839,23.71242203024016,,SYNTHETIC
2025-09-01,Fari,FA-04,96.47058823529412,,,,69.38775510204081,,23.634146341463413,,,,7.536575159080958,9.316188265501314,,SYNTHETIC
2025-09-01,Fari,FA-05,67.64705882352942,,,,69.38775510204081,,17.631884057971014,,,,6.409811607131616,19.437210816878515,,SYNTHETIC
2025-09-01,Sentinel Prime AI,SP-01,,99.48622538628328,,3.076923076923077,,88.73239436619718,,88.0521553220306,15.892094663256907,,,,,SYNTHETIC
2025-09-01,Sentinel Prime AI,SP-02,,99.23327174403724,,1.694915254237288,,98.30508474576271,,91.24251344531996,7.534108067694222,,,,,SYNTHETIC
2025-09-01,Sentinel Prime AI,SP-03,,99.3650906054117,,1.36986301369863,,92.3076923076923,,95.34238915461435,5.2841315068260934,,,,,SYNTHETIC
2025-09-01,Sentinel Prime AI,SP-04,,99.6686964908024,,1.3157894736842104,,93.75,,89.30801382837356,14.520871347999545,,,,,SYNTHETIC
2025-09-01,Sentinel Prime AI,SP-05,,99.54067631666406,,4.0,,87.8048780487805,,92.31733207691438,17.23727847430669,,,,,SYNTHETIC
2025-10-01,Aido Rover,AR-01,,,0.1918978403430062,3.75,,92.7710843373494,,,,99.14552833949882,,,98.59463033339819,SYNTHETIC
2025-10-01,Aido Rover,AR-02,,,0.1572225187146294,4.054054054054054,,91.02564102564102,,,,89.25515596280596,,,98.89362882780814,SYNTHETIC
2025-10-01,Aido Rover,AR-03,,,0.14364533960675066,2.5974025974025974,,96.15384615384616,,,,92.18820820437863,,,95.85519588320514,SYNTHETIC
2025-10-01,Aido Rover,AR-04,,,0.19906266344278778,3.79746835443038,,91.56626506024097,,,,97.19850972378413,,,95.8552590812908,SYNTHETIC
2025-10-01,Aido Rover,AR-05,,,0.1678309841790249,2.73972602739726,,88.75,,,,97.806982990767,,,96.05338539811613,SYNTHETIC
2025-10-01,Fari,FA-01,70.16129032258065,,,,76.1437908496732,,30.64750957854406,,,,4.787252971781773,6.623103383694199,,SYNTHETIC
2025-10-01,Fari,FA-02,83.66935483870968,,,,88.14229249011858,,16.106024096385543,,,,9.101746672905403,18.73046435403776,,SYNTHETIC
2025-10-01,Fari,FA-03,89.81324278438031,,,,82.0754716981132,,18.93383742911153,,,,4.698409890260273,6.54451923783656,,SYNTHETIC
2025-10-01,Fari,FA-04,59.772296015180274,,,,71.12299465240642,,25.085714285714285,,,,6.526539389190475,4.621392001396799,,SYNTHETIC
2025-10-01,Fari,FA-05,74.573055028463,,,,73.39055793991416,,39.223918575063614,,,,9.76367604251454,6.5312758424792055,,SYNTHETIC
2025-10-01,Sentinel Prime AI,SP-01,,99.48178820243943,,5.47945205479452,,98.57142857142858,,91.50239029611306,15.38423084148158,,,,,SYNTHETIC
2025-10-01,Sentinel Prime AI,SP-02,,99.81208865999346,,0.0,,90.625,,94.78431796985038,15.841157409229995,,,,,SYNTHETIC
2025-10-01,Sentinel Prime AI,SP-03,,99.08466412497823,,1.4084507042253522,,98.59154929577466,,89.52519945856761,7.852135358423987,,,,,SYNTHETIC
2025-10-01,Sentinel Prime AI,SP-04,,99.2122640343868,,1.6666666666666667,,84.28571428571429,,92.32209994366781,10.282213100817508,,,,,SYNTHETIC
2025-10-01,Sentinel Prime AI,SP-05,,99.68975183762979,,3.9473684210526314,,85.88235294117646,,91.63787673420715,15.01309597491039,,,,,SYNTHETIC
2025-11-01,Aido Rover,AR-01,,,0.2570582854547801,0.0,,98.64864864864865,,,,91.5185011777325,,,97.41739545675718,SYNTHETIC
2025-11-01,Aido Rover,AR-02,,,0.19262350113220797,1.25,,97.53086419753086,,,,92.89764399329538,,,97.84639305092185,SYNTHETIC
2025-11-01,Aido Rover,AR-03,,,0.27219114560061464,3.296703296703297,,90.72164948453609,,,,92.3281339450295,,,99.82112611505352,SYNTHETIC
2025-11-01,Aido Rover,AR-04,,,0.12234925496961131,1.4705882352941175,,100.0,,,,89.98943611970334,,,95.85197088183173,SYNTHETIC
2025-11-01,Aido Rover,AR-05,,,0.24918905695620508,0.0,,86.58536585365853,,,,88.97533329921129,,,96.01736893741939,SYNTHETIC
2025-11-01,Fari,FA-01,79.16666666666666,,,,81.21212121212122,,40.19649122807017,,,,7.3056443347801014,11.153652630519485,,SYNTHETIC
2025-11-01,Fari,FA-02,77.70833333333333,,,,62.17391304347826,,40.879356568364614,,,,10.090135655749854,9.681026210530309,,SYNTHETIC
2025-11-01,Fari,FA-03,87.54385964912281,,,,68.96551724137932,,33.857715430861724,,,,3.1955111013368067,15.634545959174298,,SYNTHETIC
2025-11-01,Fari,FA-04,65.68627450980392,,,,77.94871794871796,,30.725373134328358,,,,11.100821503293144,8.276616425559956,,SYNTHETIC
2025-11-01,Fari,FA-05,72.54901960784314,,,,71.49122807017544,,26.67297297297297,,,,10.992258824047958,5.871658906767455,,SYNTHETIC
2025-11-01,Sentinel Prime AI,SP-01,,98.86894147431336,,0.0,,95.83333333333334,,88.20937562599235,8.850701175700532,,,,,SYNTHETIC
2025-11-01,Sentinel Prime AI,SP-02,,99.80797001287026,,2.73972602739726,,97.26027397260275,,96.36016468918439,9.667969501971474,,,,,SYNTHETIC
2025-11-01,Sentinel Prime AI,SP-03,,99.17774388705696,,3.3333333333333335,,92.5531914893617,,98.7374122976088,8.486876263492226,,,,,SYNTHETIC
2025-11-01,Sentinel Prime AI,SP-04,,99.96082384032078,,2.380952380952381,,89.13043478260869,,97.11401617322664,11.712722758865642,,,,,SYNTHETIC
2025-11-01,Sentinel Prime AI,SP-05,,99.85724826757945,,6.493506493506493,,87.8048780487805,,97.65962167121091,12.319817720222119,,,,,SYNTHETIC
2025-12-01,Aido Rover,AR-01,,,0.17277779397324566,2.4390243902439024,,91.95402298850574,,,,92.78178512496201,,,94.24552362578517,SYNTHETIC
2025-12-01,Aido Rover,AR-02,,,0.25194627047301466,0.0,,94.52054794520548,,,,88.76542685498455,,,97.50715861616305,SYNTHETIC
2025-12-01,Aido Rover,AR-03,,,0.1933676930877682,2.898550724637681,,98.52941176470588,,,,93.22465656118008,,,98.8698571160583,SYNTHETIC
2025-12-01,Aido Rover,AR-04,,,0.22254218153378552,5.063291139240507,,97.40259740259741,,,,95.90814806541005,,,98.16189755635565,SYNTHETIC
2025-12-01,Aido Rover,AR-05,,,0.17846055411186135,2.898550724637681,,85.8974358974359,,,,98.52593574328387,,,96.93180791716905,SYNTHETIC
2025-12-01,Fari,FA-01,60.483870967741936,,,,79.9163179916318,,12.351111111111111,,,,10.385013743758746,12.964812663412138,,SYNTHETIC
2025-12-01,Fari,FA-02,66.33064516129032,,,,62.87128712871287,,18.440729483282674,,,,7.460445703810287,15.270464739390746,,SYNTHETIC
2025-12-01,Fari,FA-03,89.64346349745331,,,,65.69767441860465,,23.085227272727273,,,,6.2369966429994985,13.54465819951593,,SYNTHETIC
2025-12-01,Fari,FA-04,70.39848197343453,,,,77.83251231527095,,12.067385444743936,,,,4.6012123946653,14.664996196634162,,SYNTHETIC
2025-12-01,Fari,FA-05,85.38899430740038,,,,84.2911877394636,,41.23777777777778,,,,11.539863814342128,18.589901757219582,,SYNTHETIC
2025-12-01,Sentinel Prime AI,SP-01,,99.20603057827084,,1.3157894736842104,,87.20930232558139,,95.62404969622672,6.012061260377478,,,,,SYNTHETIC
2025-12-01,Sentinel Prime AI,SP-02,,98.99502310521596,,2.0,,100.0,,92.94845229938538,9.789951038339577,,,,,SYNTHETIC
2025-12-01,Sentinel Prime AI,SP-03,,98.71727614756512,,3.5294117647058822,,89.13043478260869,,91.67522393654632,12.85083500160807,,,,,SYNTHETIC
2025-12-01,Sentinel Prime AI,SP-04,,99.25604617865558,,6.557377049180328,,95.0,,93.74110317846178,7.789754660931498,,,,,SYNTHETIC
2025-12-01,Sentinel Prime AI,SP-05,,99.28211822065896,,2.4691358024691357,,88.76404494382022,,89.30238991496535,9.84667009715664,,,,,SYNTHETIC
